Date,Close,High,Low,Open,Volume,Returns,High_Low,Close_Open,RSI,RSI_SMA,MACD,MACD_Signal,MACD_Hist,BB_Upper,BB_Middle,BB_Lower,BB_Width,SMA_10,SMA_20,SMA_50,EMA_12,EMA_26,Volume_SMA,Volume_Ratio,MOM,ROC,ATR,Target
2025-05-20,1418.932861328125,1439.2517336495314,1416.1440727881434,1432.4787356808251,11270560,-0.011243797996968508,0.016285239063220495,-0.009456248121032029,62.393052498592226,68.50865393986051,42.123157060795165,42.7198131796659,-0.5966561188707331,1492.7195733530452,1388.5293579101562,1284.3391424672673,0.150072758417875,1418.6141723632813,1388.5293579101562,1297.0606640625,1411.679552175909,1369.8055132507839,14744100.35,0.764411509176957,3.6851806640625,0.2603912173403611,29.472902400350357,1
2025-05-21,1423.5145263671875,1430.486680037078,1412.458707007589,1418.235682967954,6136364,0.0032289512519809715,0.012664411002180924,0.003722119999255946,63.114789289358995,67.53141913903792,39.9271510379358,42.16128075131988,-2.2341297133840783,1489.2721309729695,1395.401904296875,1301.5316776207806,0.1345422080721532,1420.9249389648437,1395.401904296875,1302.3853955078125,1413.5003174361057,1373.7839586668138,14398333.2,0.4261857198859657,23.107666015625,1.6500680387858235,28.65540744528883,0
2025-05-22,1403.79345703125,1418.1361984129633,1391.3431818014155,1415.5464438973825,12134466,-0.0138537886130784,0.01908615293606635,-0.008302791417972346,57.958691553086354,66.02610026581623,36.17843251416275,40.964711103888455,-4.786278589725704,1482.6057110827692,1400.850146484375,1319.094581885981,0.11672278409445992,1421.1639892578125,1400.850146484375,1307.0427954101563,1412.006954296897,1376.0068844715868,14481012.1,0.8379570375471201,2.3905029296875,0.17057927005870166,28.906545811037624,1
2025-05-23,1421.124267578125,1428.0964217220903,1401.0045498118507,1401.0045498118507,6474883,0.012345698336225563,0.019063689593035754,0.014360922503054206,60.97583992029929,65.76178313198008,34.211627303958494,39.614094343902465,-5.402467039943971,1473.640765277006,1407.0852478027343,1340.5297303284626,0.09460054759042208,1426.1042724609374,1407.0852478027343,1311.3695166015625,1413.4096178786244,1379.3489128498488,14281309.25,0.45338161135331484,49.40283203125,3.6015207425518003,28.77692624669491,1
2025-05-26,1429.0924072265625,1435.2676949623963,1419.430920923106,1426.3034970063507,4842944,0.005606926734152973,0.01108170049690816,0.0019553413604225557,62.31493810495644,64.84513625561075,32.916442027987614,38.2745638807195,-5.358121852731884,1456.7302249589425,1413.778515625,1370.8268062910574,0.06076158161868024,1425.9349609375,1413.778515625,1315.0547973632813,1415.822354701384,1383.0336161370128,13801905.85,0.35088951139309504,-1.693115234375,-0.11833466356738764,27.852629660451722,0
2025-05-27,1416.44287109375,1431.2836233071982,1408.275539274527,1420.4269591196573,12640414,-0.008851447302390625,0.016243566544201497,-0.002804852442660319,58.86179403589947,64.1226693653397,30.517499775216493,36.7231510596189,-6.205651284402407,1452.621019693487,1416.43291015625,1380.2448006190132,0.051097527144077545,1426.5724243164063,1416.43291015625,1318.7141821289063,1415.917818761748,1385.5083757634377,12878701.75,0.9814975333208567,6.3746337890625,0.45207980865149544,27.506590687038823,0
2025-05-28,1407.279541015625,1416.9409060075968,1405.0882196135674,1414.4508509493858,5944611,-0.0064692549661740095,0.008422410792297472,-0.0050700311919267835,56.42263935596408,63.044781969998816,27.55923094102718,34.89036703590055,-7.331136094873372,1452.0923038553622,1417.0902893066407,1382.0882747579192,0.04939983685280549,1425.427001953125,1417.0902893066407,1322.0130078125,1414.5888529546523,1387.1210546710072,11548983.8,0.5147302224114297,-11.4542236328125,-0.8073553980475601,26.388454666109585,1
2025-05-29,1412.1600341796875,1414.3512339364067,1402.996558868143,1406.4826358531975,13771917,0.003468033906426582,0.008040643265237003,0.004036593258789847,57.434358781676856,61.71330665938861,25.316760728570216,32.97564577443448,-7.658885045864267,1451.8725098279722,1417.7277465820312,1383.5829833360901,0.048168293705557905,1421.8014892578126,1417.7277465820312,1325.2152197265625,1414.2151885277347,1388.9757938938724,10963542.4,1.2561557658590348,-36.255126953125,-2.5030894405143944,25.314613266263454,1
2025-05-30,1415.2476806640625,1424.9090454066043,1404.0921613404494,1412.3591925541664,13788484,0.0021864706617111818,0.014709004190974685,0.002045151208788792,58.09717182669497,60.423172450797736,23.517637509831047,31.084044121513795,-7.566406611682748,1451.9076769059288,1417.7825256347655,1383.6573743636022,0.04813876691826892,1418.2656127929688,1417.7825256347655,1328.661455078125,1414.3740334717852,1390.921859580553,11002574.55,1.2532052327698155,-35.3587646484375,-2.437516030808773,24.99334689482713,0
2025-06-02,1408.0762939453125,1411.8612262898896,1390.0483195350275,1406.4826830156508,8098668,-0.005067230857700444,0.015491281863530364,0.0011330469609798978,55.919196068094145,59.34924714346232,21.267984337986036,29.12083216480824,-7.852847826822206,1451.0828109546305,1416.906024169922,1382.7292373852133,0.048241430556032375,1415.5663940429688,1416.906024169922,1332.1445458984374,1413.4051504677125,1392.192558422387,10773225.5,0.7517403214107047,-26.9921875,-1.8808989152082178,25.00806219727055,0
2025-06-03,1399.908935546875,1420.8253977642241,1397.8173136420837,1416.6421539546416,11252626,-0.005800366381819577,0.01643541486014753,-0.011811887964123325,53.461098685274735,58.45605176213057,18.611538199052802,27.018973371657154,-8.407435172604352,1451.1095053788904,1416.1390869140625,1381.1686684492347,0.04938839523317246,1413.6640014648438,1416.1390869140625,1335.4642895507814,1411.3288097106606,1392.7641419130898,10631650.95,1.0584081487362977,-19.02392578125,-1.3407206429375096,24.86520662047554,1
2025-06-04,1417.8372802734375,1420.0284799827916,1400.506473605418,1409.0722382665938,8126827,0.012806793550152351,0.013768862371575303,0.006220434814347244,57.841981345571746,57.928770967751845,17.74836102338577,25.164850902002875,-7.4164898786171065,1451.2300198547443,1417.0106079101563,1382.7911959655682,0.04829803214395934,1413.0962768554687,1417.0106079101563,1338.9772583007812,1412.3301128741648,1394.6214114212637,10365983.85,0.7839899345395951,-5.67724609375,-0.39881897856275383,24.526230750149903,1
2025-06-05,1436.662109375,1448.913106617055,1417.9368477633755,1422.3193687346825,13716817,0.013277143550585846,0.021561269453368826,0.010084050710127811,61.8977371190407,58.322675524347275,18.37151785370429,23.806184292343158,-5.4346664386388674,1453.2271954392147,1418.7735656738282,1384.3199359084417,0.04856818677619383,1416.3831420898437,1418.7735656738282,1342.4284741210938,1416.0734969512164,1397.7355371956146,10246515.95,1.3386810762735406,32.86865234375,2.3414165509262785,24.994059006826166,1
2025-06-06,1437.7576904296875,1445.7258660607492,1431.28354772945,1435.2676355449807,8182161,0.0007625878399228903,0.010045029442327673,0.0017349063150589755,62.126102233412986,58.437701755658644,18.737780892034834,22.792503612281493,-4.054722720246659,1449.873643527028,1422.0753784179688,1394.2771133089095,0.03909534688658243,1418.046484375,1422.0753784179688,1345.7581762695313,1419.4095267171351,1400.7001411388792,9972178.8,0.8204988261943317,16.6334228515625,1.1704411240481605,24.240363244288528,1
2025-06-09,1443.0367431640625,1451.70208605586,1439.5506661134996,1451.204075048637,7885125,0.003671726306536005,0.008420728023679254,-0.005627969232584119,63.268491020945206,58.53305704725752,19.232324164215015,22.080467722668196,-2.848143558453181,1451.7386719661044,1422.687939453125,1393.6372069401455,0.040839219490602374,1419.44091796875,1422.687939453125,1348.6805078125,1423.0444830935855,1403.8361857333373,9832731.0,0.8019262400242618,13.9443359375,0.97574767502695,23.504936985851668,0
2025-06-10,1432.777587890625,1448.1163503747662,1430.2875329933524,1444.2318404180787,7913181,-0.007109420686643664,0.012443534524895668,-0.007931034482758614,59.51170378756901,58.59804802242447,18.58222090363506,21.380818358861568,-2.7985974552265063,1452.5861735071517,1423.8234069824218,1395.060640457692,0.04040215434537373,1421.0743896484375,1423.8234069824218,1351.7293310546875,1424.5418838315916,1405.9799933005438,9657995.25,0.8193399142539441,16.334716796875,1.1532210109018726,23.099499871248955,1
2025-06-11,1443.13623046875,1462.7578142878924,1437.3592545136698,1440.0485867347081,8195700,0.007229763129792621,0.01759955798904223,0.0021441246930723836,61.967327907436385,59.1525168775717,18.687448003103555,20.842144287709964,-2.154696284606409,1454.8891006844788,1425.0435302734375,1395.1979598623961,0.041887240322145865,1424.66005859375,1425.0435302734375,1355.2323388671875,1427.4025525450006,1408.7323071648555,9789272.25,0.8372123882855541,35.856689453125,2.5479436322400684,23.59098033739313,0
2025-06-12,1435.865234375,1451.2039968882907,1428.6939248911115,1447.7179200254843,8828114,-0.0050383296741072225,0.01567700885729528,-0.00818715129966456,59.25087067454095,59.334168066858105,17.976906036483797,20.26909663746473,-2.292190600980934,1452.759609868552,1424.416033935547,1396.072458002542,0.03979676619434561,1427.0305786132812,1424.416033935547,1358.4873388671874,1428.7045035957697,1410.7421536248662,9221817.4,0.9573073958285055,23.7052001953125,1.678648285007056,23.513772598806423,0
2025-06-13,1422.2198486328125,1429.7895915718395,1408.6739736495979,1418.335338487147,9757276,-0.009503249619472132,0.014846943630086594,0.0027387811896506914,54.42867882580603,58.96731876676921,16.126827786490594,19.440642867269904,-3.3138150807793103,1448.6692073748625,1422.9967041015625,1397.3242008282625,0.03608230883360876,1427.7277954101562,1422.9967041015625,1361.5311840820314,1427.7068643706993,1411.5923532550844,9257846.45,1.0539466227591192,6.97216796875,0.4926464861245039,23.776450322134686,1
2025-06-16,1432.0804443359375,1436.6621211041454,1418.7337255535563,1421.223780491138,8458093,0.006933242924857197,0.012519126018023807,0.007638954536102423,57.143072291429306,59.08970638910273,15.28015499387925,18.608545292591774,-3.328390298712524,1448.2706270944018,1422.8473022460937,1397.4239773977856,0.035735844328727416,1430.1282104492188,1422.8473022460937,1365.2204516601562,1428.3797228268897,1413.1099896314438,9370961.55,0.9025853915706227,24.004150390625,1.704747853070332,23.358732124167148,0
2025-06-17,1425.506591796875,1442.2398094911548,1420.12817043809,1442.2398094911548,10366599,-0.004590421274910161,0.015511425327884874,-0.011602243665832209,54.799598778885816,59.22355639846385,13.918264654741506,17.67048916502172,-3.7522245102802145,1448.5583271500554,1423.1759887695312,1397.7936503890069,0.03566999244059717,1432.6879760742188,1423.1759887695312,1368.8071240234376,1427.937702668426,1414.0282564585127,9325763.5,1.1116086098473332,25.59765625,1.8285229560307315,23.269654047659845,0
2025-06-18,1424.4110107421875,1437.0605628519918,1420.028489708749,1424.3114328610282,6681735,-0.000768555586478592,0.011957274280243194,6.991299715914316e-05,54.399194993406255,58.879277763247295,12.605247072367774,16.65744074649093,-4.052193674123156,1448.608550168524,1423.2208129882813,1397.8330758080385,0.03567645575241009,1433.3453491210937,1423.2208129882813,1372.4206909179688,1427.395134679774,1414.7973493684146,9353032.05,0.7143923985591388,6.57373046875,0.4636449161135259,22.824112554487197,1
2025-06-19,1427.598388671875,1434.1721095891817,1420.0285241646616,1424.4110453044384,10007230,0.002237681333301822,0.009907257907231301,0.0022376570147666667,55.41975139875325,58.23147919121855,11.687143820484607,15.663381361289666,-3.9762375408050588,1448.2274122151957,1424.4110595703125,1400.5947069254294,0.033440280437119906,1432.4389770507812,1424.4110595703125,1376.9745068359375,1427.4264045247126,1415.7455745020043,9246670.25,1.08225228427498,-9.063720703125,-0.6308874330282155,22.20407490234669,1
2025-06-20,1460.367431640625,1465.148385952672,1422.4190171371765,1425.3075053013417,29010635,0.022953964664555127,0.02925932740604322,0.02459814896706856,64.27256338420536,58.44612530629778,13.448700041496522,15.220445097331037,-1.771745055834515,1454.8026027864948,1426.3732177734375,1397.9438327603802,0.039862477307917275,1434.699951171875,1426.3732177734375,1382.9606005859375,1432.4942548502374,1419.0508972530133,10373457.85,2.796621475644209,22.6097412109375,1.5725696590904947,23.670167324714463,0
2025-06-23,1451.0048828125,1457.9770367383994,1436.2637087352834,1447.2199506188397,5989078,-0.006411091226272259,0.014964338342562137,0.0026153123386959015,60.5715354827946,58.17642975248272,13.92870515096888,14.962097108058606,-1.0333919570897248,1457.8545841406765,1427.4688415527344,1397.0830989647923,0.04257289785028149,1435.4967651367188,1427.4688415527344,1388.4307543945313,1435.3420437675086,1421.4178591463087,10430764.55,0.5741744022014187,7.9681396484375,0.5521785696853687,23.70113558047354,0
2025-06-24,1445.0286865234375,1469.1323689599471,1437.359244595668,1459.1721495093714,16402744,-0.0041186603572820335,0.02198788485003804,-0.009692799434727034,58.265205414521425,58.05177991517796,13.669312240448335,14.703540134536551,-1.0342278940882164,1459.7603598904432,1428.8981323242188,1398.0359047579943,0.0431972397024895,1436.721875,1428.8981323242188,1393.7186352539063,1436.8322964991899,1423.1668093223923,10618881.05,1.5446772520349494,12.2510986328125,0.8550593432194109,24.277706207888222,1
2025-06-25,1461.463134765625,1466.5428226679085,1454.690136506102,1458.1762135192969,7525851,0.0113730948011328,0.008110150629086772,0.0022541317132002596,62.49445500893223,58.10449262532755,14.621318654768174,14.687095838582875,-0.06577718381470099,1463.8833348584258,1431.6073120117187,1399.3312891650116,0.045090609101950244,1438.5545654296875,1431.6073120117187,1398.66587890625,1440.6216562324876,1426.0035741700392,10697943.05,0.7034857976739743,18.326904296875,1.269935845968062,24.08030834621556,1
2025-06-26,1489.3516845703125,1492.8377614283193,1459.2717484446844,1463.2558362824063,14657893,0.019082622846425812,0.02253733173392079,0.017834098208148,68.35485903132121,59.01489146100558,17.42529553183431,15.234735777233162,2.1905597546011464,1475.132992541036,1435.46689453125,1395.8007965214642,0.05526577890566925,1443.9032104492187,1435.46689453125,1403.7495751953124,1448.118583669076,1430.6960267922816,10742241.85,1.3645096810029465,53.4864501953125,3.725032747839596,24.7578586774598,1
2025-06-27,1509.3717041015625,1515.9454247275912,1490.9452978220222,1493.4353527246628,11117052,0.013442103526425164,0.016563267244002075,0.010670934866932784,71.76549595367679,60.74857317379266,21.02060324106742,16.391909270000014,4.628693971067406,1490.1273434412853,1440.173095703125,1390.2188479649647,0.06937256068343862,1452.6183959960938,1440.173095703125,1409.2496069335937,1457.5421406586893,1436.5238547411172,10608670.25,1.047921345278877,87.15185546875,6.127875064641342,24.888993068875436,0
2025-06-30,1494.630615234375,1518.734421010171,1490.0489382705405,1507.7781788170053,8409527,-0.00976637419870141,0.019192355922090027,-0.00871982614375396,66.1151002107218,61.64577596572191,22.42196141426848,17.59791969885371,4.824041715414772,1497.4875432371616,1444.5008117675782,1391.5140802979947,0.07336338067507998,1458.8734130859375,1444.5008117675782,1413.7536181640626,1463.2480598241793,1440.8280592220992,10624213.2,0.7915435093113531,62.5501708984375,4.367783328501651,25.1601709025008,1
2025-07-01,1522.320068359375,1525.3081343971446,1494.132596769193,1494.630607775488,10368523,0.018525950721715922,0.02047896383679018,0.01852595580462401,70.77047296930633,63.24286338476395,25.473215942682145,19.172978947619395,6.30023699506275,1509.5385060829974,1450.6213684082031,1391.7042307334088,0.08123020790662318,1468.5547607421875,1450.6213684082031,1418.3930908203124,1472.3360611372864,1446.864504343379,10580008.05,0.9800108800484324,96.8134765625,6.791513776198332,25.589839954318713,0
2025-07-02,1512.75830078125,1523.9136988316197,1502.6983810571346,1522.3200879079554,6361002,-0.006281049417176665,0.014024261353270166,-0.006281062177827333,67.33039786686439,64.53598367210977,26.81074482973486,20.70053212404249,6.110212705692369,1518.1238493545786,1455.3674194335938,1392.610989512609,0.08624135607681618,1477.3894897460937,1455.3674194335938,1422.9269848632812,1478.5548672363577,1451.7455263017398,10491716.8,0.6062880004538437,88.3472900390625,6.202373428230468,25.2773740843306,0
2025-07-03,1511.76220703125,1525.8060926058627,1506.9812529023668,1514.7502729656235,11283291,-0.0006584619297647087,0.012452249180420689,-0.0019726459124667166,66.96521381633396,65.69052991386783,27.473670298739307,22.05515975898185,5.418510539757456,1525.8162466578206,1459.1224243164063,1392.428601974992,0.09141634893680711,1485.8058715820312,1459.1224243164063,1427.2656567382812,1483.6636887432642,1456.1912063557777,10370040.5,1.0880662423642415,84.163818359375,5.895482863193369,24.816478771413834,1
2025-07-04,1521.2244873046875,1523.913698138102,1511.1645675851503,1517.9375659885409,6603501,0.0062591062466228475,0.008380834426048946,0.002165386370160781,68.70181483775441,66.13345505922275,28.43479186693753,23.33108618057299,5.103705686364542,1534.4184873319532,1463.2957641601563,1392.1730409883594,0.09720895107301437,1491.8915771484376,1463.2957641601563,1431.7617016601562,1489.4422731373293,1461.0084864260673,10291107.5,0.6416705879323484,60.8570556640625,4.1672427325836425,23.954525327237974,1
2025-07-07,1535.367919921875,1538.65484117058,1518.933556847784,1520.5271677380254,7251074,0.009297400045306103,0.012844663527813906,0.009760267687901376,71.14363603955961,67.19066511489925,29.992015163427595,24.66327197714391,5.328743186283685,1544.9187177340793,1467.9123229980469,1390.9059282620144,0.10491961070093819,1500.327880859375,1467.9123229980469,1436.5645190429686,1496.5077572580285,1466.5165926109419,10259404.95,0.7067733494621441,84.363037109375,5.814111179684867,23.652150969777836,0
2025-07-08,1531.4833984375,1538.7544076502807,1524.1128113419518,1529.8897875590692,7171261,-0.0025300264737670997,0.009560401584024351,0.0010416507720947706,69.538949477678,68.3180395212149,30.560396201372214,25.84269682198957,4.717699379382644,1552.8096224057103,1472.8476135253907,1392.885604645071,0.10858150992134692,1508.9733520507812,1472.8476135253907,1439.9270874023437,1501.8886251317933,1471.3289485980943,10222308.95,0.7015304502218161,86.4547119140625,5.982906271712984,23.00853992253148,0
2025-07-09,1512.9573974609375,1544.8301010282516,1504.0927774643353,1530.586937987722,8870660,-0.012096769051145873,0.026925625025715976,-0.01151815691695514,62.31945716715725,68.3005397370374,29.17958472925102,26.51007440344186,2.66951032580916,1556.9015579170132,1476.338671875,1395.775785832987,0.10913876006471543,1514.1227783203126,1476.338671875,1442.3035961914063,1503.5915131824308,1474.4125374027494,10256056.95,0.8649191441941048,51.4942626953125,3.523473255695264,24.274881611201828,0
2025-07-10,1511.16455078125,1518.6347158851345,1501.5031858807802,1513.654605815878,10047129,-0.0011849948205391314,0.011336641000146256,-0.0016450615781570034,61.65238234709706,67.63029206861498,27.62220239084195,26.732500000921878,0.8897023899200711,1559.7819112497175,1480.1036376953125,1400.4253641409075,0.10766580329263026,1516.3040649414063,1480.1036376953125,1444.5386694335937,1504.7565958899415,1477.13490876412,10317007.7,0.9738413784454188,21.8128662109375,1.4645880108048903,23.76464221071272,0
2025-07-11,1489.2520751953125,1508.9733598189127,1484.3716645666439,1505.9852937598653,7234991,-0.014500390162414223,0.016519497042864567,-0.011111143404844525,54.03879215747751,65.85762168899505,24.339244359411396,26.25384887261978,-1.9146045132083849,1558.6239011140833,1483.4552490234375,1408.2865969327918,0.10134266219372574,1514.2921020507813,1483.4552490234375,1446.0406689453125,1502.3712850138447,1478.032476647912,10190893.45,0.709946682839668,-20.11962890625,-1.3329803951920516,23.980945353847964,0
2025-07-14,1477.7977294921875,1494.0329360309418,1473.2160528053016,1486.263916129696,10311846,-0.007691341105986238,0.014086422526033655,-0.005696287547338808,50.52625998657453,64.29873766658031,20.576018958361374,25.1182828897681,-4.542263931406726,1557.2110576608206,1485.74111328125,1414.2711689016792,0.09620780328509562,1512.6088134765625,1485.74111328125,1447.0844970703124,1498.590738010513,1478.0150879697103,10283581.1,1.002748546418329,-16.8328857421875,-1.1262238020962712,23.754940916118834,1
2025-07-15,1479.4910888671875,1490.5469086437597,1476.503022895967,1480.2878335086834,8132454,0.001145866813303309,0.009492376029480387,-0.0005382362966582203,51.03299596903463,62.324989966553154,17.52822124148929,23.60027056011234,-6.072049318623048,1554.4780753440557,1488.4403381347656,1422.4026009254756,0.08873414072080989,1508.3259155273438,1488.4403381347656,1448.369365234375,1495.6523304500013,1478.1244213695234,10171873.85,0.7995040166566754,-42.8289794921875,-2.8134017531769695,23.061294118381255,1
2025-07-16,1479.690185546875,1485.068728397248,1465.6463003598592,1467.1403332858122,10409983,0.000134571057024635,0.013126009908763732,0.00855395491238124,51.0964190342038,60.701592083287096,14.956476084581709,21.871511665006214,-6.9150355804245045,1550.5826342114874,1491.204296875,1431.8259595385125,0.07963809849652657,1505.0191040039062,1491.204296875,1449.9550317382811,1493.1966158495204,1478.240403901179,10358286.25,1.004990859371163,-33.068115234375,-2.1859483578637318,22.801375112596077,0
2025-07-17,1470.52685546875,1483.674296790977,1468.0368005528198,1481.4830970988435,11854613,-0.006192735592645882,0.010633941284378988,-0.007395455035260845,48.01404067557607,58.806474769211306,12.040153962999511,19.905240124604873,-7.865086161605362,1546.1117609284438,1493.3507202148437,1440.5896795012436,0.07066128538915431,1500.8955688476562,1493.3507202148437,1451.337509765625,1489.7089604063249,1477.6690299432212,10450655.4,1.1343415839737667,-41.2353515625,-2.7276347676051915,22.289669478707584,0
2025-07-18,1470.12841796875,1478.8934598804974,1463.2558421043927,1478.8934598804974,10296318,-0.0002709488089376322,0.010636905990641876,-0.005926756828348991,47.8787928681068,56.72417257224654,9.5862922841186,17.841450556507617,-8.255158272389018,1545.540319294579,1493.83876953125,1442.137219767921,0.06921971877802098,1495.7859619140625,1493.83876953125,1453.3056494140626,1486.6965692620827,1477.1104660932604,9514939.55,1.0821212206229938,-51.0960693359375,-3.3588776516784713,21.81452292852166,0
2025-07-21,1422.9169921875,1470.128458883213,1417.4388712363768,1459.1722169809668,22442744,-0.032113810742112725,0.037029277137125595,-0.02484643304714164,35.21934326983584,53.131743295274156,3.788351963025434,15.03083083781118,-11.242478874785746,1549.9164790147568,1492.434375,1434.9522709852433,0.07703133213446214,1484.540869140625,1492.434375,1453.1482788085937,1476.8843266352237,1473.0961346928336,10337622.85,2.170977247443304,-112.450927734375,-7.324037859283717,24.01988469411555,0
2025-07-22,1407.179931640625,1426.2039275426996,1405.0881881707605,1421.721828538219,20396320,-0.011059717912765832,0.015005713837405513,-0.010228369998753942,32.16629381614376,49.39447772912074,-2.052744024054846,11.614115865437975,-13.666859889492821,1556.071099939485,1490.5419372558595,1425.0127745722339,0.08792662728331832,1472.1105224609375,1490.5419372558595,1453.0905126953126,1466.1605735591315,1468.2134529852626,10537301.65,1.93563026640696,-124.303466796875,-8.116540272241668,23.812445742531516,1
2025-07-23,1418.932861328125,1420.3273163904719,1408.7734859597779,1420.3273163904719,8354596,0.008352115762336965,0.008142619531610247,-0.0009817843015866628,36.587441927468696,46.821276205151875,-5.668152540011761,8.157662184348029,-13.82581472435979,1560.0564699235204,1488.4154235839844,1416.7743772444485,0.09626485348697887,1462.7080688476562,1488.4154235839844,1453.0944946289062,1458.8947716774383,1464.5630387884376,10578738.9,0.789753493207021,-94.0245361328125,-6.214618884220114,23.05065567162547,0
2025-07-24,1397.3192138671875,1417.3392306864348,1390.4466381154343,1413.554298653669,14740507,-0.015232325679389147,0.01924584755159358,-0.01148529264276908,32.40467387572334,43.89650535801451,-10.160308838115498,4.494067979855323,-14.654376817970821,1565.7117141371125,1483.8138000488282,1401.9158859605438,0.11038839790489789,1451.32353515625,1483.8138000488282,1452.0725756835936,1449.4216089373997,1459.5820147201969,10582869.6,1.3928648426320966,-113.8453369140625,-7.533616167425716,23.438910495987272,0
2025-07-25,1386.1636962890625,1395.4267490386208,1378.593953801798,1393.3351272649268,11854722,-0.007983514051346452,0.012143439683124166,-0.005146953403766948,30.46856371984482,41.53948251425124,-14.453916356102809,0.7044711126636969,-15.158387468766506,1568.932824837519,1477.6533996582032,1386.3739744788872,0.12354646252014148,1441.014697265625,1477.6533996582032,1450.783720703125,1439.689622376117,1454.143620762335,10619753.1,1.116289793968939,-103.08837890625,-6.922157814870267,23.102221179515997,0
2025-07-28,1382.080078125,1402.199795115413,1379.490445288333,1386.7614543919697,7748361,-0.002945985510221405,0.016431283676332842,-0.0033757617448505087,29.767425299423174,39.4635990455361,-17.97889558862653,-3.0322022275943485,-14.94669336103218,1571.8981112630029,1472.0258728027343,1372.1536343424657,0.13569359113248744,1431.4429321289062,1472.0258728027343,1449.7239526367186,1430.826615568253,1448.805580566977,10586694.8,0.7318961343818091,-95.7176513671875,-6.4770468553960185,23.074158940056293,1
2025-07-29,1411.4627685546875,1414.550412474214,1377.4984422704579,1377.4984422704579,10750072,0.02125975975975969,0.026250759870695476,0.024656526092507243,40.39565266460053,38.39986471509269,-18.191825430672907,-6.06412686821006,-12.127698562462847,1566.878462409588,1466.4830078125,1366.087553215412,0.13692003802600386,1424.6401000976562,1466.4830078125,1449.57455078125,1427.8475621815505,1446.0394463438445,10605772.25,1.0136057749118645,-68.0283203125,-4.598089223003543,24.072574030320567,0
2025-07-30,1404.4906005859375,1417.6381639620695,1395.7256799199,1412.458776601272,7209849,-0.004939675437482083,0.015601730643856173,-0.005641351200711012,38.891680090703,37.17939082074261,-18.707520894960908,-8.59280567356023,-10.114715221400678,1562.5701622967863,1461.0696228027343,1359.5690833086824,0.13894004489580167,1417.1201416015624,1461.0696228027343,1449.194072265625,1424.2541834745332,1442.961754065481,10648214.6,0.677094637067138,-75.1995849609375,-5.082116898217082,23.91828188830978,0
2025-07-31,1384.669677734375,1397.0203743336986,1376.7015020683227,1382.5780559389787,17065827,-0.014112535066659326,0.014674165681610063,0.001512841742577654,34.91222565460001,35.869209318645005,-20.47952092043988,-10.97014872293616,-9.50937219750372,1558.6105068746224,1454.7149963378906,1350.8194858011589,0.14283967759771368,1408.534423828125,1454.7149963378906,1448.8115966796875,1418.1642595145088,1438.6438224853991,10937341.4,1.5603268084874813,-85.857177734375,-5.838531776218858,24.194768790402996,1
2025-08-01,1388.15576171875,1400.3073026227253,1378.7932525308158,1381.3828853186424,10321171,0.0025176286015586857,0.01549829686639181,0.004902968229945415,36.149678274602046,34.696297859294525,-21.356363005233106,-13.04739157939555,-8.308971425837557,1551.1078026746222,1448.0615600585938,1345.0153174425654,0.14232301368715122,1400.337158203125,1448.0615600585938,1448.1522265625,1413.5475675459304,1434.903966132314,11123224.9,0.9278937621768305,-81.97265625,-5.575884068907399,24.00328888336774,1
2025-08-04,1405.885009765625,1410.466686507784,1386.1637261382157,1389.5502251510159,6312820,0.012771800208446038,0.017286591862601855,0.011755447423884138,42.171253181152004,35.39148885042614,-20.385671198921727,-14.515047503300785,-5.870623695620942,1537.931392367067,1441.5874145507812,1345.2434367344954,0.133663733248265,1398.6339599609375,1441.5874145507812,1447.6880786132813,1412.3687125028066,1432.7544138088556,11076312.2,0.5699387924439328,-17.031982421875,-1.1969765288761591,24.02469398952493,0
2025-08-05,1386.1636962890625,1405.38696851784,1382.5780415934858,1405.38696851784,9315972,-0.014027686005308682,0.016454713815847722,-0.013678276986623,37.89061198575405,35.96392066738717,-20.966052526022622,-15.805248507845153,-5.160804018177469,1524.1495098444088,1434.3214294433594,1344.49334904231,0.1252551604641513,1396.5323364257813,1434.3214294433594,1447.0824951171876,1408.3371715468459,1429.3032495481302,11183547.75,0.8330068604571389,-21.0162353515625,-1.4935002183451895,23.97342785971167,1
2025-08-06,1387.259521484375,1390.3471654369864,1377.797312271222,1386.3630773472378,5834312,0.0007905453001302298,0.009046507139728318,0.0006466157039125283,38.26559338592394,36.13173581323269,-21.094421612574934,-16.86308312879111,-4.231338483783823,1512.4007816923795,1428.0365356445313,1343.6722895966832,0.11815418435323312,1393.3650024414062,1428.0365356445313,1446.6820947265626,1405.0944561526196,1426.1888993211853,11031730.35,0.5288664438756882,-31.67333984375,-2.23219439812703,23.157458238715442,0
2025-08-07,1383.8729248046875,1388.1557462486337,1360.5659868045632,1382.1796145349972,9976705,-0.0024412135056487427,0.01993662781426582,0.0012251014642984562,37.51184264101849,36.64245268976221,-21.22475927463438,-17.735418357959766,-3.489340916674614,1498.8945284749916,1421.6719543457032,1344.4493802164147,0.10863627701628062,1392.0203735351563,1421.6719543457032,1446.1163525390625,1401.8296051760146,1423.0543826903336,11028209.15,0.904653227400933,-13.4462890625,-0.9622918606612685,23.474051181955094,0
2025-08-08,1362.35888671875,1391.6418351007062,1359.569976594415,1379.4904158119157,8793606,-0.015546252622128498,0.023541416890182614,-0.012418737308212986,33.05705866558289,36.90130218433601,-22.801217640372442,-18.7485782144423,-4.052639425930142,1490.110318354949,1415.327294921875,1340.5442714888009,0.10567594322725475,1389.639892578125,1415.327294921875,1445.0585766601562,1395.7571869518201,1418.5584200257717,11106139.9,0.791778788956188,-23.8048095703125,-1.7173159010036798,24.088180276550528,1
2025-08-11,1380.6856689453125,1382.4785572067015,1355.7851185633474,1364.5501609316866,9997486,0.01345224258102995,0.01933346542500497,0.011824781877281011,39.633667504652905,37.88792640485899,-22.31452612377052,-19.461767796307946,-2.852758327462574,1480.8825609541761,1410.4716918945312,1340.0608228348863,0.09984017327574972,1389.5004516601562,1410.4716918945312,1444.5107641601562,1393.4384918738958,1415.7530310568488,11090421.9,0.9014522702693574,-1.3944091796875,-0.1008920685391268,24.274270159893636,0
2025-08-12,1374.9088134765625,1396.3232867936674,1369.7294260490362,1376.4028464986861,12244664,-0.004184048258546014,0.019342272363057016,-0.0010854620258336242,38.3545681358742,37.683817951986356,-22.139750287771676,-19.997364294600693,-2.1423859931709828,1469.6516162412177,1405.242578125,1340.8335400087822,0.09166963642982984,1385.8450561523437,1405.242578125,1444.01076171875,1390.58777212046,1412.7275334583092,11296032.4,1.0839791854704666,-36.553955078125,-2.589792369483157,24.439955201660606,1
2025-08-13,1377.0999755859375,1386.2634508216695,1372.0202877666845,1382.4785186353236,7457021,0.001593678131886156,0.010342867843654334,-0.003890507502926944,39.15665389170431,37.71031533208649,-21.5757192475628,-20.313035285193116,-1.2626839623696853,1455.729509841674,1400.1130676269531,1344.4966254122323,0.07944564407071053,1383.1059936523438,1400.1130676269531,1443.196015625,1388.512726499764,1410.0884550973926,11148384.3,0.6688880468535696,-27.390625,-1.9502177507327523,23.711612905469487,0
2025-08-14,1373.800048828125,1380.699951171875,1370.0999755859375,1377.300048828125,7126128,-0.0023962869917331098,0.007715806674326049,-0.002541203714454213,38.34742644873816,38.0538354115003,-21.151179464574625,-20.480664121069417,-0.6705153435052083,1441.60687494643,1395.2767272949218,1348.9465796434135,0.06640997695321749,1382.0190307617188,1395.2767272949218,1441.9387744140624,1386.2492376272041,1407.400425003373,10911960.05,0.6530566431096858,-10.86962890625,-0.7849979732375667,22.775067382645773,1
2025-08-18,1381.699951171875,1394.9000244140625,1377.0,1390.0,11785109,0.005750401851047249,0.012955073493981652,-0.005971258149730216,41.4661319036777,38.58548077440787,-19.947332103306508,-20.373997717516836,0.42666561421032867,1422.2335973223353,1390.8553039550782,1359.477010587821,0.04512085948556815,1381.3734497070313,1390.8553039550782,1440.8176196289062,1385.5493474033074,1405.4966862010397,10986399.6,1.0726998315262446,-6.455810546875,-0.4650638440517496,22.65541796859518,1
2025-08-19,1420.0999755859375,1421.0,1389.0999755859375,1390.0,14384719,0.027791869270527236,0.02246322439439551,0.021654658694919064,53.72084240341166,39.740439696633835,-15.713577013973918,-19.441913576808254,3.728336562834336,1421.5361619048947,1390.714453125,1359.8927443451055,0.04432499958656041,1382.7949462890624,1390.714453125,1440.3588842773438,1390.8648286621735,1406.5784113406617,10583498.35,1.3591648549744424,14.2149658203125,1.011104444643185,23.84432017284731,0
2025-08-20,1413.0,1424.9000244140625,1410.0,1413.0,8725641,-0.0049996308062804085,0.010544957122478769,0.0,51.57097719968677,41.10847621802711,-12.783840144412352,-18.110298890329073,5.326458745916721,1422.5450463232924,1391.0054565429687,1359.465866762645,0.04534790231335002,1385.4785766601562,1391.0054565429687,1439.9633325195311,1394.2702396372238,1407.0540845746866,9999964.4,0.8725672063392546,26.8363037109375,1.9360125923642224,23.205441904362683,1
2025-08-21,1424.800048828125,1431.9000244140625,1420.300048828125,1425.0,11021323,0.00835106074177272,0.00814147612886334,-0.00014031661184210528,54.80797114958932,42.76271399439365,-9.401463030752666,-16.36853171841379,6.967068687661126,1423.9611549425313,1391.2988159179688,1358.6364768934063,0.04695229903291781,1389.2326293945312,1391.2988159179688,1439.5966088867187,1398.9671333589008,1408.3686004453116,10133300.75,1.0876340564549019,37.54052734375,2.706092606492372,22.897912083626956,0
2025-08-22,1409.199951171875,1423.4000244140625,1407.9000244140625,1420.0,5818868,-0.010948973274587437,0.010999148834138387,-0.007605668188820422,50.045529513084865,44.01608268160028,-7.888765526466614,-14.672578480024356,6.783812953557742,1425.3929716150685,1391.8928527832031,1358.3927339513377,0.04813605984811141,1391.76533203125,1391.8928527832031,1439.0633032226563,1400.5414130224353,1408.4301819806126,9687218.8,0.6006747777803882,25.3270263671875,1.830155494281538,22.469491535800923,1
2025-08-25,1412.5999755859375,1419.5,1405.699951171875,1414.699951171875,5979407,0.0024127338432242684,0.009769254613218316,-0.0014843964504260942,51.043991069024074,45.8147759219444,-6.342476183508552,-13.006558020721195,6.664081837212644,1427.7756495645801,1393.214666748047,1358.6536839315138,0.04961329167916846,1396.7894409179687,1393.214666748047,1438.8709057617189,1402.3965764937434,1408.739055581007,9393453.05,0.6365504749076273,50.2410888671875,3.687801309696992,21.850245628109786,0
2025-08-26,1384.9000244140625,1410.0,1381.5999755859375,1408.0,12145259,-0.01960919697764063,0.020506913071994686,-0.016406232660466976,43.428267923686434,46.19423596384776,-7.268399712753535,-11.858926359127663,4.590526646374128,1427.756432294365,1393.3556640625,1358.954895830635,0.04937830177768867,1397.2108764648438,1393.3556640625,1437.9272973632812,1399.7047992507155,1406.9732014204926,9613297.95,1.2633811063767144,4.21435546875,0.3052364172048794,22.50379951181623,1
2025-08-28,1385.9000244140625,1392.199951171875,1366.5,1389.9000244140625,13161813,0.0007220737832127622,0.01854387092802062,-0.002877904834692173,43.75452488972941,46.73423163923327,-7.831235529537935,-11.053388193209717,3.222152663671782,1425.58009663688,1392.0775268554687,1358.5749570740575,0.04813319536461365,1398.3099975585938,1392.0775268554687,1437.135166015625,1397.5809877373842,1405.4122253459423,9733885.0,1.3521644235575003,10.9912109375,0.7994138105572146,22.732096058963286,0
2025-08-29,1357.199951171875,1403.5,1350.0,1381.0999755859375,18758842,-0.02070861731481788,0.03941939428586436,-0.017305064685069458,37.13519902507815,46.53208615257066,-10.472423444862216,-10.937195243540216,0.4647717986780009,1425.941854482255,1389.7129943847656,1353.4841342872762,0.05213862177856097,1396.3199951171875,1389.7129943847656,1435.7909448242187,1391.3685205734598,1401.8409457774928,10311334.65,1.8192448055208836,-19.9000244140625,-1.4450675162923643,24.92980348332305,0
2025-09-01,1353.9000244140625,1363.199951171875,1340.5999755859375,1356.0,11232238,-0.002431422691227758,0.01669249957781651,-0.0015486545619008113,36.452353694653624,46.34257887716221,-12.685628379772425,-11.286881870786658,-1.3987465089857665,1427.601524582605,1388.17451171875,1348.747498854895,0.05680411580967434,1394.3299926757813,1388.17451171875,1434.3169775390625,1385.604136548937,1398.2897664172388,10019655.2,1.1210204119598848,-19.9000244140625,-1.448538630569829,24.76338720493837,1
2025-09-02,1366.5,1384.5,1354.5,1354.800048828125,11517006,0.009306429838784158,0.021953896816684963,0.008635924675375694,40.919506310346534,46.2879163178291,-13.269929026994532,-11.683491302028234,-1.5864377249662986,1427.6349899608413,1387.0917236328125,1346.5484573047838,0.05845794569640332,1392.8099975585938,1387.0917236328125,1432.43962890625,1382.6650386183314,1395.9349689048506,10079446.95,1.1426228102723435,-15.199951171875,-1.1000905919540171,25.180286375009732,1
2025-09-03,1372.5999755859375,1376.5,1360.5,1369.699951171875,7847563,0.004463941153265649,0.011656710100967251,0.0021172698528472054,43.00825574703605,45.216657652191536,-13.089882432897411,-11.96476952820207,-1.1251129046953423,1425.4779668159065,1385.427471923828,1345.3769770317497,0.05781680485440874,1388.0599975585938,1385.427471923828,1430.8715307617188,1381.1165673825785,1394.2064508812275,10156184.1,0.7726881398299978,-47.5,-3.3448349282874545,24.52455163393761,0
2025-09-04,1359.300048828125,1374.0,1357.0999755859375,1371.800048828125,13223177,-0.009689586911244885,0.012432887373639316,-0.009112115144388762,39.71165710212534,44.0307256424354,-13.86061065543413,-12.343937753648481,-1.5166729017856486,1425.7165562175287,1384.0842895507812,1342.4520228840338,0.060158571238836375,1382.6900024414062,1384.0842895507812,1429.1569580078126,1377.7601799126626,1391.6207914698866,10351544.35,1.2774110367406193,-53.699951171875,-3.8004211728149273,23.979942546803674,1
2025-09-05,1375.0,1381.0,1359.300048828125,1363.0,5777575,0.011550026195769059,0.015781782670454544,0.00880410858400587,45.06468605935064,43.05639713341153,-13.054084119147547,-12.485967026748295,-0.5681170923992518,1425.2592437065102,1383.4713134765625,1341.6833832466148,0.06041025906773262,1377.7099975585938,1383.4713134765625,1427.4276953125,1377.335536849176,1390.3896217313766,10348707.5,0.5582895255277048,-49.800048828125,-3.49523070757084,23.817086020023055,1
2025-09-08,1378.5,1386.0,1372.4000244140625,1380.0,6986720,0.0025454545454546285,0.009865778444640915,-0.0010869565217391304,46.211285788016056,42.67297276090464,-11.994223338647771,-12.38761828912819,0.3933949504804186,1425.0458621776575,1383.2026672363281,1341.3594722949988,0.060501900310723125,1374.6400024414063,1383.2026672363281,1425.2106616210938,1377.5146850262258,1389.508909010534,10199208.25,0.6850257224623294,-30.699951171875,-2.1785376267111856,23.087292417588372,0
2025-09-09,1376.199951171875,1381.199951171875,1368.699951171875,1376.5999755859375,9754452,-0.0016685156533369216,0.00908298244695902,-0.0002905887121581803,45.53862847940929,42.12243650194317,-11.210641456013718,-12.152222922505295,0.9415814664915771,1424.7830095091342,1383.8947204589845,1343.0064314088347,0.05909161794704829,1371.0,1383.8947204589845,1422.5472265625,1377.3124182794027,1388.5230602817444,10247250.55,0.9519091928517351,-36.4000244140625,-2.5768104943484804,22.33105724490349,1
2025-09-10,1377.0,1388.5,1374.0999755859375,1383.9000244140625,7790815,0.0005813463570054633,0.010457534069762164,-0.004985926940050414,45.83397840937273,42.363007550511796,-10.405145869871603,-11.802807511978557,1.3976616421069536,1424.6880427447518,1383.7104370117188,1342.7328312786858,0.059228585167759265,1370.2099975585938,1383.7104370117188,1420.1946142578124,1377.2643539287253,1387.6695002608744,10136917.0,0.7685586258622814,-7.9000244140625,-0.5704400516134633,21.76455489984342,1
2025-09-11,1383.300048828125,1385.5,1375.0,1376.0,9766072,0.0045751988584785686,0.0075905440825330475,0.005305268043695494,48.215529713140775,42.80910803285293,-9.152914425837025,-11.272828894750251,2.119914468913226,1424.9098959300577,1384.1299987792968,1343.3501016285359,0.058924952405808494,1369.95,1384.1299987792968,1417.4142138671875,1378.1929223747868,1387.3458371917818,10012987.4,0.9753404862968268,-2.5999755859375,-0.18760195830408444,20.95994383556889,1
2025-09-12,1395.0,1396.300048828125,1380.5,1383.300048828125,7403368,0.008457999536533478,0.011326199876792115,0.008457999536533464,52.40110086282081,44.3356982166272,-7.134185258813432,-10.445100167562888,3.3109149087494565,1425.9339604239922,1385.025,1344.116039576008,0.05907324477751966,1373.7300048828124,1385.025,1415.0590478515626,1380.7786266248197,1387.9128122146128,10010304.75,0.7395746867746459,37.800048828125,2.7851495865061304,20.591379906465754,1
2025-09-15,1399.300048828125,1400.800048828125,1388.5999755859375,1393.0,5396697,0.0030824722782258895,0.0087186970745872,0.004522648117821249,53.87663807736157,46.07812665489799,-5.1282347484025195,-9.381727083730814,4.2534923353282945,1427.3194592970215,1386.3,1345.2805407029784,0.05917832979444783,1378.2700073242188,1386.3,1412.8098046875,1383.628076194559,1388.7563112230212,9923833.2,0.5438117400038526,45.4000244140625,3.353277464760418,19.992000859017306,1
2025-09-16,1405.300048828125,1408.0,1398.199951171875,1404.699951171875,8686961,0.004287858065198158,0.006973634446463748,0.00042720700299687974,55.92951826449391,47.57912785031273,-3.0195472003779287,-8.109291107060237,5.089743906682308,1429.2531383082257,1387.4800048828124,1345.706871457399,0.06021439340157053,1382.1500122070313,1387.4800048828124,1410.4913159179687,1386.9622258304923,1389.9817732678437,9768925.8,0.8892442401394839,38.800048828125,2.8393742281833223,19.26400428538214,1
2025-09-17,1413.800048828125,1416.199951171875,1406.9000244140625,1407.0,7519417,0.006048530352708692,0.006577964660222676,0.0048330126710199005,58.731792368444125,49.151481512453536,-0.6549680992147842,-6.618426505491146,5.963458406276362,1428.0347312051877,1387.1650085449219,1346.295285884656,0.058925538646820985,1386.27001953125,1387.1650085449219,1408.0599584960937,1391.091121676282,1391.7460899760126,9425660.7,0.7977602036958534,41.2000732421875,3.0016081870174904,18.666568432408415,1
2025-09-18,1415.0,1422.0,1410.699951171875,1420.4000244140625,9332642,0.0008487417813216602,0.007985900231890459,-0.003801763109860615,59.12691289174239,51.09300709141524,1.3008089891875443,-5.034579406555408,6.335388395742952,1428.3960457734233,1387.2650085449218,1346.1339713164202,0.05929802449445933,1391.8400146484375,1387.2650085449218,1405.7302905273436,1394.7694106491617,1393.4686018296413,9456010.75,0.9869534042143512,55.699951171875,4.097693604873687,18.140388460673886,0
2025-09-19,1407.4000244140625,1417.0,1403.5999755859375,1414.9000244140625,13461373,-0.005371007481227874,0.00952111992440904,-0.005300727875176831,55.502326342951335,52.13677111977531,2.2120230830555556,-3.5852589086332154,5.797281991688771,1424.9701617372848,1386.3950073242188,1347.8198529111528,0.05564814386848829,1395.0800170898438,1386.3950073242188,1403.6191430664062,1396.712581997608,1394.500559058117,9578013.25,1.4054452263364743,32.4000244140625,2.3563654119318267,17.801791028773074,0
2025-09-22,1390.5999755859375,1410.699951171875,1388.0,1403.9000244140625,7757970,-0.011936939417859782,0.016323854142389325,-0.009473643847022485,48.43414138604138,52.35905667957784,1.5605541836082466,-2.556096290184923,4.11665047379317,1422.6685864093322,1385.4650085449218,1348.2614306805115,0.0537055467080807,1396.2900146484376,1385.4650085449218,1401.2078515625,1395.772181011197,1394.2116269490666,9674968.35,0.8018599874799591,12.0999755859375,0.8777639162812934,18.151659610423213,0
2025-09-23,1389.800048828125,1395.0,1376.800048828125,1391.0,14014702,-0.0005752385818038608,0.013095373818141064,-0.0008626536102624012,48.119912639751725,52.61718509561208,0.9685481628071102,-1.851167399586516,2.8197155623936263,1419.4733417106945,1384.3250122070312,1349.176682703368,0.05078045862600753,1397.6500244140625,1384.3250122070312,1399.2188110351562,1394.8533914445707,1393.8848433845524,10076733.1,1.390798174459935,13.60009765625,0.988235586309183,18.15510900766977,0
2025-09-24,1383.0,1396.0,1380.4000244140625,1385.300048828125,5922759,-0.0048928252908457814,0.011279808811234636,-0.0016603253786576372,45.42212215463012,52.57599947013782,-0.048765841634576645,-1.4906870879961283,1.4419212463615516,1419.3818810593764,1384.2300109863281,1349.0781409132799,0.05078905932403664,1398.2500244140624,1384.2300109863281,1397.3228564453125,1393.0297927607905,1393.0785586894003,9765608.1,0.6064915711700535,6.0,0.43572984749455923,17.972599477546034,0
2025-09-25,1372.4000244140625,1384.5,1369.0,1381.300048828125,11411143,-0.007664479816296144,0.011294083156707628,-0.0064432231227481325,41.514926338309735,51.905939132654716,-1.6908330902419948,-1.5307162884453016,-0.1601168017966932,1419.0692813170378,1383.5550109863282,1348.0407406556185,0.05133770619701166,1397.1600219726563,1383.5550109863282,1395.18103515625,1389.8559822459092,1391.5468154097457,9678074.6,1.179071609966718,-10.9000244140625,-0.7879725315774078,17.79598522914989,1
2025-09-26,1377.5999755859375,1382.699951171875,1366.0,1372.0,9879109,0.0037889471578049783,0.01212249671010046,0.004081614858555029,44.05719295414005,51.07154834178664,-2.54327334150571,-1.7332276990573834,-0.8100456424483267,1418.1201525543488,1384.5750122070312,1351.0298718597137,0.0484555044711462,1395.42001953125,1384.5750122070312,1393.1392309570313,1387.9704427597596,1390.5137161635378,9234087.95,1.0698521666127299,-17.4000244140625,-1.2473135780689981,17.71769708220168,0
2025-09-29,1372.800048828125,1389.0,1368.0,1381.5999755859375,14231999,-0.003484267452727674,0.015297202253107734,-0.006369373851559635,42.23228621953955,49.907113156004435,-3.565056603472385,-2.099593479940384,-1.4654631235320013,1416.5239375179092,1385.5200134277343,1354.5160893375594,0.04475420605938725,1392.77001953125,1385.5200134277343,1391.1846948242187,1385.6365360010466,1389.201592657211,9384076.0,1.5166116514827885,-26.5,-1.893803978795905,17.952147290615848,0
2025-09-30,1364.0,1377.0999755859375,1362.800048828125,1377.0999755859375,14604684,-0.00641029175052632,0.010483817271123535,-0.009512726612578463,39.039544771451,48.21811580670014,-5.026969816618703,-2.6850687472760475,-2.341901069342655,1416.7231289538347,1385.3950134277343,1354.0668979016339,0.04522625709268091,1388.6400146484375,1385.3950134277343,1389.0621264648437,1382.3078381547318,1387.334808015936,9538459.9,1.5311364888161871,-41.300048828125,-2.9388776341796152,17.691274395415608,1
2025-10-01,1368.699951171875,1378.5999755859375,1362.699951171875,1367.0,12045916,0.0034457120028408283,0.011616880968285977,0.0012435634029809802,41.5797876175594,46.502915331611675,-5.7401311315368275,-3.2960812241282036,-2.444049907408624,1416.8907228740811,1385.2000122070312,1353.5093015399814,0.04575615129624096,1384.1300048828125,1385.2000122070312,1387.9777856445312,1380.214317080446,1385.9544482497092,9748377.55,1.2356841882883371,-45.10009765625,-3.1899912362878147,17.5633279681761,0
2025-10-03,1363.4000244140625,1371.5999755859375,1356.9000244140625,1363.199951171875,12842347,-0.003872234198061264,0.010781832850701672,0.00014676734841099945,39.577016618561714,44.547925704293604,-6.65624733180789,-3.968114445664141,-2.688132886143749,1416.4697710454984,1385.405010986328,1354.3402509271577,0.04484574519772241,1378.9700073242188,1385.405010986328,1387.1021875,1377.6275028240793,1384.2837501878096,9729336.05,1.319961293761664,-51.5999755859375,-3.6466413841651946,17.358801054154593,1
2025-10-06,1375.0,1377.4000244140625,1359.0,1360.0,12396580,0.008508123352075403,0.0133818359375,0.011029411764705883,45.73757549585849,43.571450619584326,-6.372793341326542,-4.449050224796621,-1.9237431165299208,1416.4697710454984,1385.405010986328,1354.3402509271577,0.04484574519772241,1375.7300048828124,1385.405010986328,1386.2235302734375,1377.2232716203748,1383.5960649887127,10060286.3,1.232229345202631,-32.4000244140625,-2.3021190743229836,17.433174151290874,1
2025-10-07,1384.800048828125,1395.9000244140625,1375.9000244140625,1376.0,11244040,0.007127308238636276,0.014442518266030411,0.006395384322765262,50.34382111784678,43.76241859276486,-5.296319301625317,-4.61850404016236,-0.6778152614629569,1416.6256726486472,1385.7200134277343,1354.8143542068215,0.044605921717857336,1375.1500122070313,1385.7200134277343,1385.9731469726562,1378.3889296523364,1383.6852489768173,10273152.3,1.0945072818593373,-5.7999267578125,-0.4170808902372314,17.68080631291742,0
2025-10-08,1367.4000244140625,1389.0,1364.5,1384.800048828125,8525081,-0.012565008521473686,0.017917214832944273,-0.012565008521473638,43.313467747450076,43.2817741035347,-5.780607180455263,-4.850924668220941,-0.9296825122343222,1416.9562458298622,1385.2800170898438,1353.6037883498254,0.04573260041181113,1372.910009765625,1385.2800170898438,1385.5978735351562,1376.698328846448,1382.4789360462428,10211683.75,0.834835978934424,-22.4000244140625,-1.6117443968252987,18.16789157628046,1
2025-10-09,1377.800048828125,1380.0,1369.0999755859375,1374.0,8826633,0.00760569272222944,0.007911180162414289,0.0027656832810225617,47.98864747594244,43.538426635665935,-5.264527563254887,-4.93364524722773,-0.33088231602715723,1416.9563169575927,1385.32001953125,1353.6837221049072,0.04567363061287091,1372.3900146484375,1385.32001953125,1385.5122729492186,1376.8678242282444,1382.1323518078636,10263474.65,0.8600043650909197,-5.199951171875,-0.37599068487889076,17.770183291255965,1
2025-10-10,1381.699951171875,1388.0,1375.0999755859375,1377.800048828125,6373084,0.002830528527754783,0.009336342816775431,0.002830528527754826,49.66510160165631,44.35344416200059,-4.489093743858575,-4.844734946553899,0.35564120269532395,1416.904421075532,1385.2400146484374,1353.575608221343,0.04571685208664819,1373.3200073242188,1385.2400146484374,1384.9170166015624,1377.6112283734183,1382.1003221311237,10093825.25,0.6313844198957179,9.2999267578125,0.6776396526066097,17.42231480002786,0
2025-10-13,1375.0,1377.699951171875,1367.800048828125,1376.9000244140625,7600682,-0.00484906376828953,0.0071999289772727276,-0.001379929101875826,46.87003966255462,44.63472883284205,-4.364871400562606,-4.74876223735564,0.38389083679303404,1415.8715614264174,1384.2400146484374,1352.6084678704574,0.04570240195810789,1373.060009765625,1384.2400146484374,1384.3272045898439,1377.209500931354,1381.574372343633,10103690.95,0.7522678630624584,-2.5999755859375,-0.18873226132510856,17.170713910293724,1
2025-10-14,1375.9000244140625,1388.0,1370.0999755859375,1380.0,9768174,0.0006545632102272769,0.01300968391339724,-0.0029709968014039853,47.29910696378782,45.14141090726688,-4.1460072592451525,-4.628211241733543,0.48220398248839036,1414.1123925514983,1383.0700134277345,1352.0276343039707,0.04488909284762794,1373.3700073242187,1383.0700134277345,1384.1518115234376,1377.0080430056169,1381.154050274776,10322264.8,0.9463208113010237,3.0999755859375,0.22581406437038876,17.22280751770578,0
2025-10-15,1374.300048828125,1384.0,1372.699951171875,1383.0,10882743,-0.0011628574442528183,0.008222402988168872,-0.006290637145245842,46.57896272802833,45.89535270292461,-4.054917938752396,-4.513552581137313,0.4586346423849168,1411.0253834932073,1381.5200134277343,1352.0146433622613,0.04271435777794674,1374.4000122070313,1381.5200134277343,1383.874697265625,1376.5914285167719,1380.646346463913,10432053.9,1.043202336214923,10.300048828125,0.7551355445839514,16.799753325592867,1
2025-10-16,1398.300048828125,1400.5,1375.0,1375.0999755859375,12315932,0.017463435310553166,0.018236429313844917,0.016871553817242868,57.12429739240202,47.44980368040887,-2.0228118564432407,-4.015404436198499,1.9925925797552582,1407.5046498829581,1380.7450134277344,1353.9853769725107,0.03876115603530912,1377.3600219726563,1380.7450134277344,1383.722998046875,1379.93121625698,1381.9540281205213,10671879.65,1.1540546186725409,29.60009765625,2.1626432901459935,17.471196028898735,1
2025-10-17,1416.800048828125,1423.300048828125,1399.0999755859375,1401.0,19335561,0.013230350678671732,0.017080796448450196,0.011277693667469665,63.16101519173285,49.80820353772599,1.0681295112515272,-2.998697646708494,4.066827157960021,1408.0629066429585,1380.8350158691405,1353.6071250953225,0.03943684866172069,1382.7000244140625,1380.8350158691405,1384.3357250976562,1385.6033443448484,1384.535214839603,11172025.6,1.7307121995853645,53.4000244140625,3.9166806115477293,18.008967741120255,1
2025-10-20,1466.800048828125,1473.800048828125,1433.300048828125,1440.0,24721978,0.035290794944111026,0.02761112534210562,0.01861114501953125,73.86936495503636,52.62138248364378,7.466238793505227,-0.90571035866575,8.371949152170977,1429.0038207191094,1383.8050170898437,1338.606213460578,0.0653253934926747,1391.880029296875,1383.8050170898437,1385.9265356445312,1398.0951450345833,1390.62890624616,11735055.85,2.1066774897368723,91.800048828125,6.676367187499999,20.79404147389738,0
2025-10-21,1465.199951171875,1474.0,1460.0,1468.0,2066169,-0.0010908764678105864,0.009555009873432444,-0.0019073902098944143,73.13668997093573,54.90066936895268,12.266274015928957,1.7286865162531915,10.537587499675766,1445.0073836000206,1387.5350158691406,1330.0626481382606,0.0828409619556589,1399.92001953125,1387.5350158691406,1387.553076171875,1408.4189613633973,1396.1526873517687,11450465.8,0.18044410036140188,80.39990234375,5.805885290933355,20.308752797190426,0
2025-10-23,1448.4000244140625,1482.9000244140625,1444.5999755859375,1475.0,18707090,-0.011465961860274265,0.026443004820867044,-0.018033881753177966,65.76163620116971,57.145486214324634,14.547033676567253,4.292355948316004,10.254677728251249,1453.7786566174361,1390.4650146484375,1327.151372679439,0.09106829916897503,1408.02001953125,1390.4650146484375,1389.2738989257812,1414.5698941404228,1400.0228604674942,11685085.2,1.6009374069433402,81.0,5.923650618238718,21.59384537082861,1
2025-10-24,1451.5999755859375,1459.800048828125,1441.0,1450.0,9700837,0.0022093006889927214,0.012951260088397544,0.0011034314385775861,66.4554962898357,58.99217109571396,16.42344223719897,6.718573206092597,9.704869031106373,1462.4363082353352,1393.8950134277343,1325.3537186201333,0.09834498889417889,1415.4000122070313,1393.8950134277343,1390.6921850585939,1420.266829747425,1403.8433875133048,11873989.1,0.8169821378731096,73.7999267578125,5.356359714211245,21.39428847492121,1
2025-10-27,1484.0999755859375,1485.0,1458.0,1463.0,14113867,0.022389088279559433,0.018192844447248325,0.014422402997906699,72.5418234231833,61.27984327786667,20.298993762056398,9.434657317285357,10.864336444771041,1477.634476194888,1399.4800109863281,1321.3255457777682,0.11169072026041743,1425.6400146484375,1399.4800109863281,1392.8760083007812,1430.0873137225808,1409.7883199631294,12009125.3,1.175261865241759,102.4000244140625,7.411162193876675,22.25184104200273,1
2025-10-28,1486.9000244140625,1492.0,1477.5999755859375,1484.0999755859375,17631577,0.0018866982509178065,0.009684594913997037,0.001886698250917707,72.99641591451886,63.89248090306309,23.327432683637653,12.213212390555816,11.114220293081837,1491.0923290273136,1404.9450134277345,1318.7976978281554,0.12263443021075958,1436.8300170898438,1404.9450134277345,1395.0720092773438,1438.8277307520395,1415.500298070606,12396748.7,1.4222742935815098,111.9000244140625,8.138183593750004,21.690996997149856,1
2025-10-29,1504.199951171875,1508.300048828125,1488.0999755859375,1490.0,11884745,0.011634895738622308,0.01342911441158488,0.009530168571728188,75.67589725370547,66.73015993205485,26.814352689105135,15.13344045026568,11.680912238839456,1506.4484032232585,1411.5150085449218,1316.581613866585,0.1345127669258013,1449.660009765625,1411.5150085449218,1397.6800073242186,1448.8849954320142,1422.0706427447742,12279386.0,0.9678615038243769,128.2999267578125,9.324800093120867,21.670213241215045,0
2025-10-30,1488.5,1503.0999755859375,1484.0,1500.0,9318663,-0.01043740970716267,0.012831693373152502,-0.007666666666666666,68.98586570526804,68.9708502297788,27.988275646184093,17.704407489449363,10.28386815673473,1515.674422821083,1417.740008544922,1319.8055942687608,0.13815567549183397,1461.0800048828125,1417.740008544922,1399.8160083007813,1454.9796115193967,1426.9913358747908,12015084.95,0.7755802841826765,114.199951171875,8.309681082326525,21.565194521976473,0
2025-10-31,1486.4000244140625,1497.5,1482.300048828125,1490.4000244140625,8758053,-0.0014107998561890822,0.010226016497723624,-0.0026838432195896967,68.11843286079075,70.07026377661768,28.421541726542046,19.847834336867898,8.573707389674148,1523.1964465524443,1423.6250122070312,1324.0535778616181,0.13988435647256367,1469.8900024414063,1423.6250122070312,1401.1420092773437,1459.813521195499,1431.3919794702924,11850691.8,0.7390330579688182,88.0999755859375,6.300505793429068,21.11053428268351,0
2025-11-03,1484.699951171875,1495.0,1479.300048828125,1486.0,8452085,-0.0011437521624487745,0.010574494300672007,-0.0008748646218876177,67.37977492309734,70.49213974975413,28.30148461660201,21.53856439281472,6.76292022378729,1528.6240957862092,1429.690008544922,1330.7559213036348,0.13839935461531014,1476.6799926757812,1429.690008544922,1402.5760083007813,1463.642202730326,1435.340718114854,11631178.7,0.7266748468063688,67.89990234375,4.7924830606769,20.724064060482903,0
2025-11-04,1473.0999755859375,1492.800048828125,1470.0999755859375,1483.9000244140625,10007806,-0.007813010013761779,0.015409730241261027,-0.007278151257116895,62.40713414397994,69.3459166686485,26.95954455931951,22.62276042611568,4.336784133203832,1531.911003989402,1434.5950073242188,1337.2790106590357,0.13567034064435393,1477.3099853515625,1434.5950073242188,1403.5420068359374,1465.0972447081124,1438.1377001497492,11511740.0,0.8693565004074102,6.2999267578125,0.4295014008791176,20.8652075734618,1
2025-11-06,1496.0999755859375,1501.5999755859375,1476.199951171875,1484.0,16772678,0.015613332686976289,0.016977491363245795,0.008153622362491578,67.52472755593911,68.78472042714883,27.435693579290955,23.585347056750734,3.850346522540221,1538.1762835130885,1440.1600036621094,1342.1437238111303,0.13611859738048346,1480.3999877929687,1440.1600036621094,1405.2800073242188,1469.8668956123931,1442.4312020339114,11788171.9,1.4228396177358085,30.9000244140625,2.1089288454690713,21.4105498896431,0
2025-11-07,1478.0,1498.4000244140625,1475.9000244140625,1494.5999755859375,7821765,-0.012098105662256109,0.015223274695534507,-0.011106634455436616,60.54017121529427,68.2625739285613,26.052214632763253,24.078720571953237,1.9734940608100153,1539.0304423287585,1445.6900024414062,1352.349562554054,0.12912925970259698,1483.3599853515625,1445.6900024414062,1406.5880078125,1471.1181424412557,1445.0659278091773,11753006.1,0.6655118642370143,29.5999755859375,2.043632635114867,21.48836775466859,1
2025-11-10,1489.300048828125,1501.0,1475.5,1477.9000244140625,7068438,0.007645499883710993,0.017122137355776633,0.007713664135422303,63.105950667756204,67.92761936635335,25.572829442909324,24.377542346144455,1.1952870967648686,1540.9682537047404,1451.2650024414063,1361.5617511780722,0.12362077375590237,1487.1299926757813,1451.2650024414063,1408.6760083007812,1473.9153588084664,1448.3425293661364,11665096.35,0.6059476739769921,37.7000732421875,2.5971392860467457,21.774912915049406,1
2025-11-11,1493.4000244140625,1498.800048828125,1480.199951171875,1497.0,7127506,0.002752954711284339,0.012454866313228952,-0.0024047933105794924,64.02008473964533,67.07544549799955,25.23287807944712,24.54860949280499,0.6842685866421299,1542.343379924477,1456.8500061035156,1371.3566322825543,0.11736743448232054,1488.0599975585938,1456.8500061035156,1410.8260083007813,1476.9129996708657,1451.6801215919088,11702817.45,0.6090418850376924,9.300048828125,0.6266457099329381,21.54814039656373,1
2025-11-12,1511.5,1524.699951171875,1500.0,1505.0,12384459,0.012119978096986506,0.016341350427968904,0.004318936877076412,67.81176835713548,66.55698074226123,26.12285294878143,24.863458184000276,1.2593947647811525,1543.5513739105024,1463.6750061035157,1383.798638296529,0.10914495017528182,1490.5199951171876,1463.6750061035157,1413.9120092773437,1482.2340766445786,1456.111223696212,11942006.3,1.0370501144351263,24.5999755859375,1.6544471842100839,22.24469656522436,0
2025-11-13,1510.9000244140625,1522.0999755859375,1506.800048828125,1515.0,7196443,-0.0003969405133559256,0.010126366080208329,-0.002706254512169967,67.55762042941005,65.74515305983168,26.474569076603757,25.185680362520973,1.288888714082784,1541.8612372667544,1470.4250061035157,1398.988774940277,0.0971640591893059,1491.1900024414062,1470.4250061035157,1417.0520092773438,1486.6442224552684,1460.1696533790157,11813419.75,0.6091752559626098,6.7000732421875,0.44542437572663296,21.748641578980653,1
2025-11-14,1518.9000244140625,1520.9000244140625,1505.5,1505.5,7682823,0.0052948572842219654,0.010138932231568882,0.008900713659290934,69.21441986133482,65.76800847543836,27.086602292685484,25.565864748553874,1.5207375441316096,1536.950937215596,1477.6550048828126,1418.3590725500292,0.08025680167135625,1494.2300048828124,1477.6550048828126,1420.100009765625,1491.6066535258522,1464.5200512334636,11653423.75,0.6592760346503318,30.4000244140625,2.0423261279182148,21.295168924343642,0
2025-11-17,1518.300048828125,1523.699951171875,1511.5,1520.9000244140625,5871416,-0.00039500663394154145,0.008035270222965041,-0.0017094980236713186,68.93010833179571,65.84917602253886,27.209574967459048,25.89460679233491,1.3149681751241395,1533.081411798446,1483.6550048828126,1434.2285979671792,0.06662789766214869,1497.4200073242187,1483.6550048828126,1423.0140112304687,1495.713329726202,1468.503754758994,11331197.95,0.5181637480792576,31.9000244140625,2.146126472692811,20.645510513453026,1
2025-11-18,1519.4000244140625,1527.800048828125,1510.5,1521.699951171875,11045042,0.0007244783972617519,0.011386105403543446,-0.0015114193544143216,69.18006444672707,66.02920497490183,27.083587793952347,26.132402992658395,0.9511848012939517,1530.0078905713292,1488.7850036621094,1447.5621167528896,0.05537789110962278,1500.8900146484375,1488.7850036621094,1426.2160107421876,1499.3574366012574,1472.2738488075177,10916672.0,1.0117590782245725,34.7000732421875,2.3371775027539288,20.406548964501024,0
2025-11-19,1518.9000244140625,1522.300048828125,1512.0,1517.4000244140625,5692366,-0.0003290772620546667,0.006781255291702554,0.0009885330010978605,68.9086895573445,66.67936051623829,26.63634897945053,26.233192190016823,0.4031567894337087,1533.3053645147145,1491.3900024414063,1449.474640368098,0.05620979355459366,1505.47001953125,1491.3900024414063,1429.0940112304688,1502.363988572458,1475.7276395931876,9965191.4,0.5712249540937065,45.800048828125,3.1090930410142548,19.684656097617022,1
2025-11-20,1549.0999755859375,1550.9000244140625,1526.699951171875,1530.0,18171724,0.019882777461620593,0.015622021576130986,0.01248364417381536,75.22917097346242,67.44980485799061,28.39151297633566,26.66485634728059,1.7266566290550713,1542.6531444766808,1495.5850036621093,1448.5168628475378,0.06294278252231712,1510.77001953125,1495.5850036621093,1432.5060107421875,1509.5541404206856,1481.1626274445025,10770469.15,1.6871803583412148,53.0,3.54254400540599,20.564323519215804,0
2025-11-21,1546.5999755859375,1557.800048828125,1540.0999755859375,1541.0,9615271,-0.0016138403197988316,0.011444506350442515,0.003633988050575925,73.89006292820514,68.7847940292817,29.24366125906522,27.180617329637517,2.063043929427703,1547.3372748032884,1500.4950012207032,1453.652727638118,0.06243576092486473,1517.6300170898437,1500.4950012207032,1435.9140112304688,1515.2534996768782,1486.009838417942,10315878.2,0.9320845800602804,68.5999755859375,4.641405655340836,20.359734213713782,0
2025-11-24,1535.9000244140625,1550.0,1531.800048828125,1550.0,18433951,-0.006918370193185419,0.011849697820545436,-0.009096758442540322,68.28737738874257,69.30293670138033,28.724480347104645,27.489389933130944,1.2350904139737011,1548.249549355235,1504.7100036621093,1461.1704579689836,0.05787101247039069,1522.2900146484376,1504.7100036621093,1439.09201171875,1518.4298880979834,1489.7054077509881,10752533.9,1.7143820397534388,46.5999755859375,3.128985030424536,20.205463996439583,1
2025-11-25,1539.699951171875,1559.5999755859375,1525.0999755859375,1535.9000244140625,15033482,0.002474071682668333,0.022406963105858282,0.0024740716826683763,69.18110542459056,69.81903876987485,28.29349823041275,27.650211592587304,0.6432866378254474,1552.4864811947411,1507.4900024414062,1462.4935236880713,0.05969721680470499,1526.9200073242187,1507.4900024414062,1442.220009765625,1521.7022054939666,1493.4087072636464,10798514.65,1.3921805440158384,46.2999267578125,3.1003030668878218,21.226502282408184,1
2025-11-26,1569.9000244140625,1571.5999755859375,1540.5,1542.300048828125,14054299,0.019614258751649682,0.019810163132868933,0.017895334702808702,75.1702302914235,70.55488496330365,30.042523802405185,28.12867403455088,1.9138497678543054,1563.1182097692651,1511.6400024414063,1460.1617951135474,0.0681090831741921,1532.760009765625,1511.6400024414063,1445.7180102539062,1529.1172545585969,1499.07473075627,10619650.75,1.3234238423518778,58.4000244140625,3.8637131600438357,21.98889672038349,0
2025-11-27,1563.4000244140625,1575.5,1556.0,1575.0,9794643,-0.004140391043325198,0.012472815463405337,-0.0073650638640873015,71.93021033934384,70.99214395429703,30.55195952060535,28.613331131761775,1.9386283888435756,1570.6331074393884,1514.6000061035156,1458.5669047676429,0.07399062605317744,1538.010009765625,1514.6000061035156,1449.000009765625,1534.391526844053,1503.8395673235138,10515145.65,0.931479536852635,52.5,3.4747500927706954,21.811118383213238,1
2025-11-28,1567.5,1581.300048828125,1563.0,1568.0,8959508,0.0026224737891213934,0.011674672298644339,-0.00031887755102040814,72.728683825523,71.34357035071585,30.92998316969056,29.076661539347533,1.853321630343025,1577.7170429774728,1518.5500061035157,1459.3829692295585,0.07792570101234307,1542.8700073242187,1518.5500061035157,1452.2440087890625,1539.485138098814,1508.5551549291795,10497187.9,0.8535150637819867,48.5999755859375,3.1996823230472815,21.56032770070693,0
2025-12-01,1566.0999755859375,1577.5,1563.5999755859375,1575.0,8920233,-0.0008931575209329967,0.008875566458560203,-0.005650809151785714,71.97576757933358,71.64813627546964,30.761994244408243,29.413728080359675,1.3482661640485674,1583.2202002532501,1522.5350036621094,1461.8498070709686,0.07971599529098039,1547.65,1522.5350036621094,1455.2900073242188,1543.5797284814485,1512.8177342370875,10505296.9,0.8491176484502784,47.7999267578125,3.148252994834988,21.01316318023233,0
2025-12-02,1546.300048828125,1567.5,1542.0,1561.0999755859375,11389150,-0.012642824255459595,0.016490977943980124,-0.009480447754319866,62.172869053333635,70.9474167361303,28.700333615778618,29.271049187443463,-0.5707155716648451,1584.5336354803271,1525.615008544922,1466.6963816095167,0.07723918105866004,1550.3400024414063,1525.615008544922,1457.9160083007812,1543.998239304014,1515.2979056882755,10652150.15,1.0691878953658946,26.9000244140625,1.7704372766767618,21.333651524501448,0
2025-12-03,1538.800048828125,1552.4000244140625,1533.0,1545.199951171875,6090883,-0.004850287630582373,0.012607241875795762,-0.004141795590205871,58.90044810684203,69.94659259108006,26.15971251225642,28.648781852406053,-2.4890693401496335,1582.8578005589534,1528.9000122070313,1474.9422238551092,0.07058380263079697,1552.3300048828125,1528.9000122070313,1460.5440087890624,1543.1985176923388,1517.0388051801162,10456304.0,0.5825082170526029,19.9000244140625,1.3101602537493706,21.195535302327237,0
2025-12-04,1535.5999755859375,1560.5,1517.5999755859375,1536.0,11867930,-0.0020795900316122884,0.027936979093590553,-0.00026043256123860675,57.509561736733026,68.17463166740713,23.615804522801,27.642186386485044,-4.026381863684044,1582.736846393823,1530.8750122070312,1479.0131780202394,0.0677544982748444,1550.9800048828124,1530.8750122070312,1463.4440087890625,1542.0295112144308,1518.4137066916585,10211066.6,1.162261540826695,-13.5,-0.8714737726913779,22.745855953165467,1
2025-12-05,1540.5999755859375,1545.800048828125,1520.5999755859375,1530.4000244140625,10183266,0.0032560563164194534,0.016357311204424196,0.0066648921910336546,59.133376834065565,66.69896305799317,21.752448639064596,26.464238837000956,-4.7117901979363594,1579.9421841160506,1534.0050109863282,1488.0678378566058,0.05989181625969514,1550.3800048828125,1534.0050109863282,1466.4600073242189,1541.8095826562012,1520.0571340171607,10329141.65,0.9858772727741613,-6.0,-0.38794776249281293,22.921157188095613,1
2025-12-08,1543.0,1551.0,1535.0,1539.199951171875,11301491,0.0015578504816928795,0.010369410239792612,0.0024688467701885126,59.92505494710757,65.86273081382967,20.23611821459167,25.2186147125191,-4.982496497927428,1577.8951327984498,1536.690008544922,1495.484884291394,0.053628414350848315,1551.0900024414063,1536.690008544922,1469.6600073242187,1541.9927237860163,1521.756605571445,10540794.3,1.0721669238911151,7.0999755859375,0.46226808210685366,22.426788817517355,0
2025-12-09,1529.4000244140625,1542.5,1520.0999755859375,1540.300048828125,11503971,-0.008813982881359372,0.014646282239105041,-0.0070765591563509605,53.589733763778135,64.30359364774843,17.732600676145466,23.721411905244373,-5.988811229098907,1574.8318094532922,1538.490008544922,1502.1482076365517,0.04724346691434379,1550.060009765625,1538.490008544922,1472.8000073242188,1540.0553854211003,1522.3227847449723,10759617.55,1.0691802888477202,-10.2999267578125,-0.6689567503053495,22.460591360127722,1
2025-12-10,1536.9000244140625,1547.5,1531.4000244140625,1534.0,7991629,0.004903883797748421,0.010475616715586661,0.0018904983142519556,56.33153483786069,62.41972410239214,16.167364990169972,22.210602522229493,-6.043237532059521,1573.9519441730085,1539.760009765625,1505.5680753582415,0.044412030693780746,1546.760009765625,1539.760009765625,1475.9860083007814,1539.5699452661713,1523.4025802760161,10539976.05,0.7582207931108154,-33.0,-2.102044683534332,22.149118804828422,1
2025-12-11,1545.0,1550.0,1524.0,1536.9000244140625,4706197,0.005270333435660968,0.016828478964401296,0.005270333435660909,59.13914292201534,61.14061736065929,15.402949157698004,20.849071849323195,-5.446122691625192,1573.0303700002155,1541.4650085449218,1509.8996470896282,0.04095501523591514,1544.9200073242187,1541.4650085449218,1479.4300073242186,1540.4053383021449,1525.0023891444594,10415463.75,0.45184709130210354,-18.4000244140625,-1.1769236360961721,22.424181747340675,1
2025-12-12,1556.5,1559.800048828125,1546.0999755859375,1550.800048828125,5106655,0.007443365695792847,0.00880184596349984,0.003675490709574207,62.79637582878021,60.14738656098501,15.545894597696588,19.788436398997874,-4.242541801301286,1573.7688294707696,1543.3450073242188,1512.9211851776681,0.0394258211899077,1543.8200073242188,1543.3450073242188,1483.2800073242188,1542.8814401018149,1527.335545504129,10286655.35,0.496434927218593,-11.0,-0.7017543859649145,21.879600824539555,0
2025-12-15,1556.199951171875,1558.5999755859375,1546.5,1551.199951171875,5774543,-0.000192771492531274,0.007775334767762831,0.0032233110865060835,62.63884423726724,59.21369422677837,15.456792177244324,18.922107554647162,-3.4653153774028382,1573.8554677544698,1545.2400024414062,1516.6245371283426,0.037036920177904456,1542.8300048828125,1545.2400024414062,1487.0300073242188,1544.930441804901,1529.4736496276657,10281811.7,0.5616269941998646,-9.9000244140625,-0.6321451100437248,21.181056164639408,0
2025-12-16,1542.300048828125,1551.699951171875,1538.800048828125,1545.0,11731856,-0.00893195140719727,0.008364067908544541,-0.0017475412115695794,55.67145390556148,58.56355271200116,14.102012690183528,17.958088581754435,-3.8560758915709066,1572.496084000923,1546.3850036621093,1520.2739233232955,0.03377047795597881,1542.4300048828125,1546.3850036621093,1490.6080078125,1544.52576596232,1530.4237532721443,10316152.4,1.1372317454325316,-4.0,-0.2586820069643947,20.91097374886159,1
2025-12-17,1544.4000244140625,1550.0,1539.300048828125,1550.0,7116649,0.001361586928259051,0.00692822520249215,-0.003612887474798387,56.45942047245356,58.31944994856231,13.0473884927585,16.97594856395525,-3.928560071196749,1570.572647074195,1547.6600036621094,1524.7473602500238,0.029609401752153753,1542.9900024414062,1547.6600036621094,1493.9960083007813,1544.506421108742,1531.45903261599,10387366.55,0.6851254324899124,5.5999755859375,0.3639183395011125,20.181614993362547,0
2025-12-18,1544.4000244140625,1551.5,1535.199951171875,1535.199951171875,6580829,0.0,0.01055429200365958,0.005992752432779028,56.45942047245356,58.21443582213435,12.072427785456739,15.995244408255548,-3.922816622798809,1570.3701389605826,1547.4250061035157,1524.4798732464487,0.029655889967609858,1543.8700073242187,1547.4250061035157,1497.1880078125,1544.4900523864835,1532.4176246010325,9807821.8,0.670977627264802,8.800048828125,0.57306909143231,19.90436026727415,1
2025-12-19,1565.0999755859375,1574.199951171875,1551.0,1554.4000244140625,13937275,0.013403231575140895,0.014823303005413102,0.00688365350219831,63.813035638107486,58.68240170253855,12.822270312985665,15.360649589201572,-2.538379276215906,1572.545075766546,1548.3500061035156,1524.1549364404852,0.03125271362115112,1546.3200073242188,1548.3500061035156,1501.1420068359375,1547.6608098017841,1534.8385394888032,10023922.0,1.3904013818144236,24.5,1.590289522799826,20.611186445169746,1
2025-12-22,1575.4000244140625,1577.5,1565.300048828125,1573.5,10184852,0.006581080434985509,0.007744033885242905,0.0012075147213616141,66.81625297816561,59.37152150564435,14.085287352888827,15.105577141939023,-1.0202897890501958,1576.5001696236839,1550.3250061035155,1524.1498425833472,0.03376732416379615,1549.560009765625,1550.3250061035155,1505.0940063476562,1551.928381280596,1537.8430939277114,9611467.05,1.0596563403918655,32.4000244140625,2.099807155804445,20.02467487151923,0
2025-12-23,1570.699951171875,1580.9000244140625,1568.0999755859375,1580.9000244140625,7506564,-0.0029834157479688983,0.00814926416631966,-0.006452067230480313,64.19803169702253,60.4323512989688,14.539379904970247,14.992337694545267,-0.4529577895750201,1579.0039298594072,1551.8750061035157,1524.7460823476242,0.034962769100853594,1553.6900024414062,1551.8750061035157,1508.8740063476562,1554.8163151100237,1540.2769352050568,9235121.15,0.8128278858583247,41.2999267578125,2.700400555677729,19.50863015413393,0
2025-12-24,1558.199951171875,1575.699951171875,1553.5999755859375,1572.699951171875,8815745,-0.00795823542916263,0.014183016479571044,-0.00921981334659261,57.72003277676265,60.571201092859,13.732308486743932,14.740331852985,-1.0080233662410674,1577.3213357922148,1551.2900024414062,1525.2586690905976,0.03356088585608201,1555.8199951171875,1551.2900024414062,1512.5380053710937,1555.3368745041546,1541.6045660174136,8973193.45,0.9824534653267729,21.2999267578125,1.3859019077010482,19.693726256405615,1
2025-12-26,1559.199951171875,1561.0,1554.300048828125,1554.699951171875,2311495,0.0006417661605289116,0.004297044241721147,0.0028944491807619,58.08442513075697,60.46572931373315,13.02326611079161,14.396918704546321,-1.373652593754711,1576.7828554535472,1551.0799987792968,1525.3771421050465,0.03314188397049613,1557.239990234375,1551.0799987792968,1516.20400390625,1555.9311939914962,1542.9079278807071,8599036.05,0.2688086183799636,14.199951171875,0.9190906907362351,18.76559946465343,0
2025-12-29,1545.5999755859375,1558.0999755859375,1543.5999755859375,1554.9000244140625,5972105,-0.00872240636982824,0.009381470127484342,-0.005981123340473009,51.57428094321618,59.34351982517675,11.234436953423256,13.764422354321708,-2.529985400898452,1574.6411037666903,1549.9849975585937,1525.328891350497,0.0318146385248023,1556.1499877929687,1549.9849975585937,1519.6300024414063,1554.3417757752563,1543.1073388218354,8449665.9,0.7067859333941239,-10.9000244140625,-0.700290678706228,18.53948347331658,0
2025-12-30,1539.800048828125,1553.5999755859375,1537.800048828125,1547.0,8815884,-0.003752540663449322,0.01026102497518242,-0.004654137796945701,49.04943997152533,57.984579398602556,9.24223263630438,12.859984410718242,-3.617751774413863,1572.5407960259538,1548.6700012207032,1524.7992064154525,0.03082747749544451,1554.5099975585938,1548.6700012207032,1522.4600024414062,1552.1045870141593,1542.8623543778567,8444448.45,1.043985767951488,-16.39990234375,-1.0538428774143238,18.343800850780575,1
2025-12-31,1570.4000244140625,1577.0,1541.0,1541.0,5771830,0.019872694256131362,0.022924095415390793,0.01907853628427158,60.1373614792244,58.43117015596884,10.017087903122956,12.291405109199186,-2.27431720607623,1575.5132956362065,1549.875,1524.2367043637935,0.033084339880579426,1557.3199951171875,1549.875,1525.532001953125,1554.9192696910675,1544.9021817879461,8163582.45,0.7070217071183007,28.0999755859375,1.8219525835643013,19.69066873085875,1
2026-01-01,1575.5999755859375,1592.5,1571.0999755859375,1573.699951171875,6408128,0.003311227133873107,0.013582143149059273,0.001207361296953478,61.6641170734098,58.95163981606447,10.924824312168766,12.018088949793102,-1.0932646376243351,1579.1303902275151,1551.7149963378906,1524.2996024482661,0.03533560473969245,1560.439990234375,1551.7149963378906,1527.7080004882812,1558.1009167518166,1547.1760924396492,8179444.7,0.7834429151406819,31.199951171875,2.0201988266422166,19.862762077650093,1
2026-01-02,1592.300048828125,1594.5999755859375,1578.199951171875,1580.0,6602230,0.01059918348626332,0.010299581681312089,0.007784841030458861,66.14834043475,59.92053181229412,12.843713958950048,12.183213951624492,0.660500007325556,1586.1244415220126,1554.55,1522.9755584779873,0.040621969730163264,1565.2299926757812,1554.55,1530.2500024414062,1563.3623216866333,1550.5186077276844,7916159.7,0.8340193035772131,47.9000244140625,3.1015296333108733,19.8011362149608,0
